business_name,website,city,state,service_category,local_demand_signal,website_conversion_gap_where_visible,phone,public_email,contact_page,source_url,notes
Pest Control Companies Sample 01,https://pest-control-companies-sample-01.example,Los Angeles,CA,Local Service,Relevant local service opportunity signal 1,https://pest-control-companies-sample-01.example,(555) 010-100,hello1@pest-control-companies-sample-01.example,https://pest-control-companies-sample-01.example/contact,https://example.com/source/500-pest-control-companies/1,Sample row for 500 Pest Control Companies; replace with verified production data before outreach.
Pest Control Companies Sample 02,https://pest-control-companies-sample-02.example,San Diego,CA,Local Service,Relevant local service opportunity signal 2,https://pest-control-companies-sample-02.example,(555) 011-101,hello2@pest-control-companies-sample-02.example,https://pest-control-companies-sample-02.example/contact,https://example.com/source/500-pest-control-companies/2,Sample row for 500 Pest Control Companies; replace with verified production data before outreach.
Pest Control Companies Sample 03,https://pest-control-companies-sample-03.example,San Jose,CA,Local Service,Relevant local service opportunity signal 3,https://pest-control-companies-sample-03.example,(555) 012-102,hello3@pest-control-companies-sample-03.example,https://pest-control-companies-sample-03.example/contact,https://example.com/source/500-pest-control-companies/3,Sample row for 500 Pest Control Companies; replace with verified production data before outreach.
Pest Control Companies Sample 04,https://pest-control-companies-sample-04.example,Austin,TX,Local Service,Relevant local service opportunity signal 4,https://pest-control-companies-sample-04.example,(555) 013-103,hello4@pest-control-companies-sample-04.example,https://pest-control-companies-sample-04.example/contact,https://example.com/source/500-pest-control-companies/4,Sample row for 500 Pest Control Companies; replace with verified production data before outreach.
Pest Control Companies Sample 05,https://pest-control-companies-sample-05.example,Denver,CO,Local Service,Relevant local service opportunity signal 5,https://pest-control-companies-sample-05.example,(555) 014-104,hello5@pest-control-companies-sample-05.example,https://pest-control-companies-sample-05.example/contact,https://example.com/source/500-pest-control-companies/5,Sample row for 500 Pest Control Companies; replace with verified production data before outreach.
Pest Control Companies Sample 06,https://pest-control-companies-sample-06.example,Phoenix,AZ,Local Service,Relevant local service opportunity signal 6,https://pest-control-companies-sample-06.example,(555) 015-105,hello6@pest-control-companies-sample-06.example,https://pest-control-companies-sample-06.example/contact,https://example.com/source/500-pest-control-companies/6,Sample row for 500 Pest Control Companies; replace with verified production data before outreach.
Pest Control Companies Sample 07,https://pest-control-companies-sample-07.example,Chicago,IL,Local Service,Relevant local service opportunity signal 7,https://pest-control-companies-sample-07.example,(555) 016-106,hello7@pest-control-companies-sample-07.example,https://pest-control-companies-sample-07.example/contact,https://example.com/source/500-pest-control-companies/7,Sample row for 500 Pest Control Companies; replace with verified production data before outreach.
Pest Control Companies Sample 08,https://pest-control-companies-sample-08.example,Seattle,WA,Local Service,Relevant local service opportunity signal 8,https://pest-control-companies-sample-08.example,(555) 017-107,hello8@pest-control-companies-sample-08.example,https://pest-control-companies-sample-08.example/contact,https://example.com/source/500-pest-control-companies/8,Sample row for 500 Pest Control Companies; replace with verified production data before outreach.
Pest Control Companies Sample 09,https://pest-control-companies-sample-09.example,Atlanta,GA,Local Service,Relevant local service opportunity signal 9,https://pest-control-companies-sample-09.example,(555) 018-108,hello9@pest-control-companies-sample-09.example,https://pest-control-companies-sample-09.example/contact,https://example.com/source/500-pest-control-companies/9,Sample row for 500 Pest Control Companies; replace with verified production data before outreach.
Pest Control Companies Sample 10,https://pest-control-companies-sample-10.example,Miami,FL,Local Service,Relevant local service opportunity signal 10,https://pest-control-companies-sample-10.example,(555) 019-109,hello10@pest-control-companies-sample-10.example,https://pest-control-companies-sample-10.example/contact,https://example.com/source/500-pest-control-companies/10,Sample row for 500 Pest Control Companies; replace with verified production data before outreach.
