company_name,website,city,state,service_type,lead_value_signal,booking_conversion_gap_where_visible,phone,public_email,contact_page,source_url,notes
Urgent Care Clinics Sample 01,https://urgent-care-clinics-sample-01.example,Los Angeles,CA,service type sample 1,Relevant professional services opportunity signal 1,Relevant professional services opportunity signal 1,(555) 010-100,hello1@urgent-care-clinics-sample-01.example,https://urgent-care-clinics-sample-01.example/contact,https://example.com/source/500-urgent-care-clinics/1,Sample row for 500 Urgent Care Clinics; replace with verified production data before outreach.
Urgent Care Clinics Sample 02,https://urgent-care-clinics-sample-02.example,San Diego,CA,service type sample 2,Relevant professional services opportunity signal 2,Relevant professional services opportunity signal 2,(555) 011-101,hello2@urgent-care-clinics-sample-02.example,https://urgent-care-clinics-sample-02.example/contact,https://example.com/source/500-urgent-care-clinics/2,Sample row for 500 Urgent Care Clinics; replace with verified production data before outreach.
Urgent Care Clinics Sample 03,https://urgent-care-clinics-sample-03.example,San Jose,CA,service type sample 3,Relevant professional services opportunity signal 3,Relevant professional services opportunity signal 3,(555) 012-102,hello3@urgent-care-clinics-sample-03.example,https://urgent-care-clinics-sample-03.example/contact,https://example.com/source/500-urgent-care-clinics/3,Sample row for 500 Urgent Care Clinics; replace with verified production data before outreach.
Urgent Care Clinics Sample 04,https://urgent-care-clinics-sample-04.example,Austin,TX,service type sample 4,Relevant professional services opportunity signal 4,Relevant professional services opportunity signal 4,(555) 013-103,hello4@urgent-care-clinics-sample-04.example,https://urgent-care-clinics-sample-04.example/contact,https://example.com/source/500-urgent-care-clinics/4,Sample row for 500 Urgent Care Clinics; replace with verified production data before outreach.
Urgent Care Clinics Sample 05,https://urgent-care-clinics-sample-05.example,Denver,CO,service type sample 5,Relevant professional services opportunity signal 5,Relevant professional services opportunity signal 5,(555) 014-104,hello5@urgent-care-clinics-sample-05.example,https://urgent-care-clinics-sample-05.example/contact,https://example.com/source/500-urgent-care-clinics/5,Sample row for 500 Urgent Care Clinics; replace with verified production data before outreach.
Urgent Care Clinics Sample 06,https://urgent-care-clinics-sample-06.example,Phoenix,AZ,service type sample 6,Relevant professional services opportunity signal 6,Relevant professional services opportunity signal 6,(555) 015-105,hello6@urgent-care-clinics-sample-06.example,https://urgent-care-clinics-sample-06.example/contact,https://example.com/source/500-urgent-care-clinics/6,Sample row for 500 Urgent Care Clinics; replace with verified production data before outreach.
Urgent Care Clinics Sample 07,https://urgent-care-clinics-sample-07.example,Chicago,IL,service type sample 7,Relevant professional services opportunity signal 7,Relevant professional services opportunity signal 7,(555) 016-106,hello7@urgent-care-clinics-sample-07.example,https://urgent-care-clinics-sample-07.example/contact,https://example.com/source/500-urgent-care-clinics/7,Sample row for 500 Urgent Care Clinics; replace with verified production data before outreach.
Urgent Care Clinics Sample 08,https://urgent-care-clinics-sample-08.example,Seattle,WA,service type sample 8,Relevant professional services opportunity signal 8,Relevant professional services opportunity signal 8,(555) 017-107,hello8@urgent-care-clinics-sample-08.example,https://urgent-care-clinics-sample-08.example/contact,https://example.com/source/500-urgent-care-clinics/8,Sample row for 500 Urgent Care Clinics; replace with verified production data before outreach.
Urgent Care Clinics Sample 09,https://urgent-care-clinics-sample-09.example,Atlanta,GA,service type sample 9,Relevant professional services opportunity signal 9,Relevant professional services opportunity signal 9,(555) 018-108,hello9@urgent-care-clinics-sample-09.example,https://urgent-care-clinics-sample-09.example/contact,https://example.com/source/500-urgent-care-clinics/9,Sample row for 500 Urgent Care Clinics; replace with verified production data before outreach.
Urgent Care Clinics Sample 10,https://urgent-care-clinics-sample-10.example,Miami,FL,service type sample 10,Relevant professional services opportunity signal 10,Relevant professional services opportunity signal 10,(555) 019-109,hello10@urgent-care-clinics-sample-10.example,https://urgent-care-clinics-sample-10.example/contact,https://example.com/source/500-urgent-care-clinics/10,Sample row for 500 Urgent Care Clinics; replace with verified production data before outreach.
